configuration,adjoint,solver,grapevine,hybrid,step,seconds,log_density,gradient_relative_error
+ hybrid solve,implicit,bdf,True,True,0,0.005072832107543945,767.6163470366107,0.0
+ hybrid solve,implicit,bdf,True,True,12,0.004653215408325195,780.9343802602123,0.0
+ hybrid solve,implicit,bdf,True,True,25,0.004853963851928711,784.9643546957584,0.0
+ hybrid solve,implicit,bdf,True,True,37,0.004876613616943359,763.1964189442471,0.0
+ hybrid solve,implicit,bdf,True,True,50,0.00507664680480957,769.6240426174861,0.0
+ hybrid solve,implicit,bdf,True,True,62,0.005377292633056641,782.9697441264286,0.0
+ grapevine,implicit,bdf,True,False,0,0.011172771453857422,767.6163433793827,3.544367366286317e-05
+ grapevine,implicit,bdf,True,False,12,0.012979984283447266,780.934380163741,5.849933864621011e-05
+ grapevine,implicit,bdf,True,False,25,0.015312910079956055,784.96435397256,3.4935093845827746e-05
+ grapevine,implicit,bdf,True,False,37,0.0178678035736084,763.1964179067484,3.5364528852724656e-05
+ grapevine,implicit,bdf,True,False,50,0.015057086944580078,769.6240443928057,3.602755389125494e-05
+ grapevine,implicit,bdf,True,False,62,0.016515016555786133,782.9697340741286,7.347823929475917e-05
+ BDF solver,implicit,bdf,False,False,0,0.11153721809387207,767.6163521464318,4.638334651614154e-05
+ BDF solver,implicit,bdf,False,False,12,0.0971078872680664,780.9343770083385,5.3402813065069734e-05
+ BDF solver,implicit,bdf,False,False,25,0.11299347877502441,784.9643408693153,7.507577851723089e-05
+ BDF solver,implicit,bdf,False,False,37,0.1093287467956543,763.1964171970163,7.903911481683276e-05
+ BDF solver,implicit,bdf,False,False,50,0.11365818977355957,769.6240368354011,2.927743921430031e-05
+ BDF solver,implicit,bdf,False,False,62,0.11560344696044922,782.9697307249594,8.798458897430275e-05
+ implicit adjoint,implicit,kvaerno5,False,False,0,0.2774481773376465,767.6163534514473,5.802277983032759e-05
+ implicit adjoint,implicit,kvaerno5,False,False,12,0.1953885555267334,780.934378691127,3.096991081109213e-05
+ implicit adjoint,implicit,kvaerno5,False,False,25,0.29348063468933105,784.9643492759744,2.4461288954653782e-05
+ implicit adjoint,implicit,kvaerno5,False,False,37,0.30395030975341797,763.1964183957708,2.1197180220668688e-05
+ implicit adjoint,implicit,kvaerno5,False,False,50,0.3310394287109375,769.6240384415496,2.0800607649145777e-05
+ implicit adjoint,implicit,kvaerno5,False,False,62,0.3266172409057617,782.9697363761801,4.3048516112621504e-05
no optimisations,backprop,kvaerno5,False,False,0,0.7595782279968262,767.6163534514473,5.662378019294436e-05
no optimisations,backprop,kvaerno5,False,False,12,0.5035924911499023,780.934378691127,3.096324415348255e-05
no optimisations,backprop,kvaerno5,False,False,25,0.7711739540100098,784.9643492759744,2.46846862681351e-05
no optimisations,backprop,kvaerno5,False,False,37,0.8249518871307373,763.1964183957708,2.117742725157852e-05
no optimisations,backprop,kvaerno5,False,False,50,0.8622756004333496,769.6240384415496,2.1331964407072088e-05
no optimisations,backprop,kvaerno5,False,False,62,0.8646769523620605,782.9697363761801,4.440467392265293e-05
